date,month,ID,season,hr,rep,gender,species,count,Veg,vgt
1/28/2020,Enero,1,norte,13:00,B1,Aedes,Ae.taeniorhynchus,252,SMMG,2
1/28/2020,Enero,1,norte,13:00,B2,Aedes,Ae.taeniorhynchus,335,SMMG,2
1/28/2020,Enero,1,norte,13:00,B3,Aedes,Ae.taeniorhynchus,154,SMMG,2
1/28/2020,Enero,1,norte,13:00,B1,Aedes,Ae.angustivitattus,1,SMMG,2
1/28/2020,Enero,1,norte,13:00,B2,Aedes,Ae.angustivitattus,1,SMMG,2
1/28/2020,Enero,1,norte,13:00,B3,Aedes,Ae.angustivitattus,1,SMMG,2
1/28/2020,Enero,1,norte,13:00,B1,Aedes,Ae.serratus,0,SMMG,2
1/28/2020,Enero,1,norte,13:00,B2,Aedes,Ae.serratus,0,SMMG,2
1/28/2020,Enero,1,norte,13:00,B3,Aedes,Ae.serratus,0,SMMG,2
1/28/2020,Enero,1,norte,13:00,B1,Aedes,Ae.egypti,0,SMMG,2
1/28/2020,Enero,1,norte,13:00,B2,Aedes,Ae.egypti,0,SMMG,2
1/28/2020,Enero,1,norte,13:00,B3,Aedes,Ae.egypti,0,SMMG,2
1/28/2020,Enero,1,norte,13:00,B1,Aedes,Ae.scapularis,0,SMMG,2
1/28/2020,Enero,1,norte,13:00,B2,Aedes,Ae.scapularis,0,SMMG,2
1/28/2020,Enero,1,norte,13:00,B3,Aedes,Ae.scapularis,0,SMMG,2
1/28/2020,Enero,1,norte,13:00,B1,Aedes,Ae.fulvus,0,SMMG,2
1/28/2020,Enero,1,norte,13:00,B2,Aedes,Ae.fulvus,0,SMMG,2
1/28/2020,Enero,1,norte,13:00,B3,Aedes,Ae.fulvus,0,SMMG,2
1/28/2020,Enero,1,norte,17:00,B1,Aedes,Ae.taeniorhynchus,112,MGSM,3
1/28/2020,Enero,1,norte,17:00,B2,Aedes,Ae.taeniorhynchus,236,MGSM,3
1/28/2020,Enero,1,norte,17:00,B3,Aedes,Ae.taeniorhynchus,185,MGSM,3
1/28/2020,Enero,1,norte,17:00,B1,Aedes,Ae.angustivitattus,1,MGSM,3
1/28/2020,Enero,1,norte,17:00,B2,Aedes,Ae.angustivitattus,0,MGSM,3
1/28/2020,Enero,1,norte,17:00,B3,Aedes,Ae.angustivitattus,4,MGSM,3
1/28/2020,Enero,1,norte,17:00,B1,Aedes,Ae.serratus,0,MGSM,3
1/28/2020,Enero,1,norte,17:00,B2,Aedes,Ae.serratus,0,MGSM,3
1/28/2020,Enero,1,norte,17:00,B3,Aedes,Ae.serratus,0,MGSM,3
1/28/2020,Enero,1,norte,17:00,B1,Aedes,Ae.egypti,0,MGSM,3
1/28/2020,Enero,1,norte,17:00,B2,Aedes,Ae.egypti,0,MGSM,3
1/28/2020,Enero,1,norte,17:00,B3,Aedes,Ae.egypti,0,MGSM,3
1/28/2020,Enero,1,norte,17:00,B1,Aedes,Ae.scapularis,0,MGSM,3
1/28/2020,Enero,1,norte,17:00,B2,Aedes,Ae.scapularis,0,MGSM,3
1/28/2020,Enero,1,norte,17:00,B3,Aedes,Ae.scapularis,0,MGSM,3
1/28/2020,Enero,1,norte,17:00,B1,Aedes,Ae.fulvus,0,MGSM,3
1/28/2020,Enero,1,norte,17:00,B2,Aedes,Ae.fulvus,0,MGSM,3
1/28/2020,Enero,1,norte,17:00,B3,Aedes,Ae.fulvus,0,MGSM,3
1/28/2020,Enero,1,norte,21:00,B1,Aedes,Ae.taeniorhynchus,88,SMMG,2
1/28/2020,Enero,1,norte,21:00,B2,Aedes,Ae.taeniorhynchus,110,SMMG,2
1/28/2020,Enero,1,norte,21:00,B3,Aedes,Ae.taeniorhynchus,58,SMMG,2
1/28/2020,Enero,1,norte,21:00,B1,Aedes,Ae.angustivitattus,0,SMMG,2
1/28/2020,Enero,1,norte,21:00,B2,Aedes,Ae.angustivitattus,0,SMMG,2
1/28/2020,Enero,1,norte,21:00,B3,Aedes,Ae.angustivitattus,0,SMMG,2
1/28/2020,Enero,1,norte,21:00,B1,Aedes,Ae.serratus,0,SMMG,2
1/28/2020,Enero,1,norte,21:00,B2,Aedes,Ae.serratus,0,SMMG,2
1/28/2020,Enero,1,norte,21:00,B3,Aedes,Ae.serratus,0,SMMG,2
1/28/2020,Enero,1,norte,21:00,B1,Aedes,Ae.egypti,0,SMMG,2
1/28/2020,Enero,1,norte,21:00,B2,Aedes,Ae.egypti,0,SMMG,2
1/28/2020,Enero,1,norte,21:00,B3,Aedes,Ae.egypti,0,SMMG,2
1/28/2020,Enero,1,norte,21:00,B1,Aedes,Ae.scapularis,0,SMMG,2
1/28/2020,Enero,1,norte,21:00,B2,Aedes,Ae.scapularis,0,SMMG,2
1/28/2020,Enero,1,norte,21:00,B3,Aedes,Ae.scapularis,0,SMMG,2
1/28/2020,Enero,1,norte,21:00,B1,Aedes,Ae.fulvus,0,SMMG,2
1/28/2020,Enero,1,norte,21:00,B2,Aedes,Ae.fulvus,0,SMMG,2
1/28/2020,Enero,1,norte,21:00,B3,Aedes,Ae.fulvus,0,SMMG,2
1/29/2020,Enero,1,norte,01:00,B1,Aedes,Ae.taeniorhynchus,67,BLDSM,1
1/29/2020,Enero,1,norte,01:00,B2,Aedes,Ae.taeniorhynchus,101,BLDSM,1
1/29/2020,Enero,1,norte,01:00,B3,Aedes,Ae.taeniorhynchus,44,BLDSM,1
1/29/2020,Enero,1,norte,01:00,B1,Aedes,Ae.angustivitattus,1,BLDSM,1
1/29/2020,Enero,1,norte,01:00,B2,Aedes,Ae.angustivitattus,2,BLDSM,1
1/29/2020,Enero,1,norte,01:00,B3,Aedes,Ae.angustivitattus,0,BLDSM,1
1/29/2020,Enero,1,norte,01:00,B1,Aedes,Ae.serratus,0,BLDSM,1
1/29/2020,Enero,1,norte,01:00,B2,Aedes,Ae.serratus,0,BLDSM,1
1/29/2020,Enero,1,norte,01:00,B3,Aedes,Ae.serratus,0,BLDSM,1
1/29/2020,Enero,1,norte,01:00,B1,Aedes,Ae.egypti,0,BLDSM,1
1/29/2020,Enero,1,norte,01:00,B2,Aedes,Ae.egypti,0,BLDSM,1
1/29/2020,Enero,1,norte,01:00,B3,Aedes,Ae.egypti,0,BLDSM,1
1/29/2020,Enero,1,norte,01:00,B1,Aedes,Ae.scapularis,0,BLDSM,1
1/29/2020,Enero,1,norte,01:00,B2,Aedes,Ae.scapularis,0,BLDSM,1
1/29/2020,Enero,1,norte,01:00,B3,Aedes,Ae.scapularis,0,BLDSM,1
1/29/2020,Enero,1,norte,01:00,B1,Aedes,Ae.fulvus,0,BLDSM,1
1/29/2020,Enero,1,norte,01:00,B2,Aedes,Ae.fulvus,0,BLDSM,1
1/29/2020,Enero,1,norte,01:00,B3,Aedes,Ae.fulvus,0,BLDSM,1
1/29/2020,Enero,1,norte,05:00,B1,Aedes,Ae.taeniorhynchus,34,MGSM,3
1/29/2020,Enero,1,norte,05:00,B2,Aedes,Ae.taeniorhynchus,44,MGSM,3
1/29/2020,Enero,1,norte,05:00,B3,Aedes,Ae.taeniorhynchus,35,MGSM,3
1/29/2020,Enero,1,norte,05:00,B1,Aedes,Ae.angustivitattus,1,MGSM,3
1/29/2020,Enero,1,norte,05:00,B2,Aedes,Ae.angustivitattus,0,MGSM,3
1/29/2020,Enero,1,norte,05:00,B3,Aedes,Ae.angustivitattus,0,MGSM,3
1/29/2020,Enero,1,norte,05:00,B1,Aedes,Ae.serratus,0,MGSM,3
1/29/2020,Enero,1,norte,05:00,B2,Aedes,Ae.serratus,0,MGSM,3
1/29/2020,Enero,1,norte,05:00,B3,Aedes,Ae.serratus,0,MGSM,3
1/29/2020,Enero,1,norte,05:00,B1,Aedes,Ae.egypti,0,MGSM,3
1/29/2020,Enero,1,norte,05:00,B2,Aedes,Ae.egypti,0,MGSM,3
1/29/2020,Enero,1,norte,05:00,B3,Aedes,Ae.egypti,0,MGSM,3
1/29/2020,Enero,1,norte,05:00,B1,Aedes,Ae.scapularis,0,MGSM,3
1/29/2020,Enero,1,norte,05:00,B2,Aedes,Ae.scapularis,0,MGSM,3
1/29/2020,Enero,1,norte,05:00,B3,Aedes,Ae.scapularis,0,MGSM,3
1/29/2020,Enero,1,norte,05:00,B1,Aedes,Ae.fulvus,0,MGSM,3
1/29/2020,Enero,1,norte,05:00,B2,Aedes,Ae.fulvus,0,MGSM,3
1/29/2020,Enero,1,norte,05:00,B3,Aedes,Ae.fulvus,0,MGSM,3
1/29/2020,Enero,1,norte,09:00,B1,Aedes,Ae.taeniorhynchus,129,BLDSM,1
1/29/2020,Enero,1,norte,09:00,B2,Aedes,Ae.taeniorhynchus,183,BLDSM,1
1/29/2020,Enero,1,norte,09:00,B3,Aedes,Ae.taeniorhynchus,141,BLDSM,1
1/29/2020,Enero,1,norte,09:00,B1,Aedes,Ae.angustivitattus,2,BLDSM,1
1/29/2020,Enero,1,norte,09:00,B2,Aedes,Ae.angustivitattus,0,BLDSM,1
1/29/2020,Enero,1,norte,09:00,B3,Aedes,Ae.angustivitattus,2,BLDSM,1
1/29/2020,Enero,1,norte,09:00,B1,Aedes,Ae.serratus,0,BLDSM,1
1/29/2020,Enero,1,norte,09:00,B2,Aedes,Ae.serratus,0,BLDSM,1
1/29/2020,Enero,1,norte,09:00,B3,Aedes,Ae.serratus,0,BLDSM,1
1/29/2020,Enero,1,norte,09:00,B1,Aedes,Ae.egypti,0,BLDSM,1
1/29/2020,Enero,1,norte,09:00,B2,Aedes,Ae.egypti,0,BLDSM,1
1/29/2020,Enero,1,norte,09:00,B3,Aedes,Ae.egypti,0,BLDSM,1
1/29/2020,Enero,1,norte,09:00,B1,Aedes,Ae.scapularis,0,BLDSM,1
1/29/2020,Enero,1,norte,09:00,B2,Aedes,Ae.scapularis,0,BLDSM,1
1/29/2020,Enero,1,norte,09:00,B3,Aedes,Ae.scapularis,0,BLDSM,1
1/29/2020,Enero,1,norte,09:00,B1,Aedes,Ae.fulvus,0,BLDSM,1
1/29/2020,Enero,1,norte,09:00,B2,Aedes,Ae.fulvus,0,BLDSM,1
1/29/2020,Enero,1,norte,09:00,B3,Aedes,Ae.fulvus,0,BLDSM,1
2/24/2020,Febrero,1,norte,13:00,B1,Aedes,Ae.taeniorhynchus,58,SMMG,2
2/24/2020,Febrero,1,norte,13:00,B2,Aedes,Ae.taeniorhynchus,65,SMMG,2
2/24/2020,Febrero,1,norte,13:00,B3,Aedes,Ae.taeniorhynchus,32,SMMG,2
2/24/2020,Febrero,1,norte,13:00,B1,Aedes,Ae.angustivitattus,0,SMMG,2
2/24/2020,Febrero,1,norte,13:00,B2,Aedes,Ae.angustivitattus,0,SMMG,2
2/24/2020,Febrero,1,norte,13:00,B3,Aedes,Ae.angustivitattus,0,SMMG,2
2/24/2020,Febrero,1,norte,13:00,B1,Aedes,Ae.serratus,0,SMMG,2
2/24/2020,Febrero,1,norte,13:00,B2,Aedes,Ae.serratus,0,SMMG,2
2/24/2020,Febrero,1,norte,13:00,B3,Aedes,Ae.serratus,0,SMMG,2
2/24/2020,Febrero,1,norte,13:00,B1,Aedes,Ae.egypti,0,SMMG,2
2/24/2020,Febrero,1,norte,13:00,B2,Aedes,Ae.egypti,0,SMMG,2
2/24/2020,Febrero,1,norte,13:00,B3,Aedes,Ae.egypti,0,SMMG,2
2/24/2020,Febrero,1,norte,13:00,B1,Aedes,Ae.scapularis,0,SMMG,2
2/24/2020,Febrero,1,norte,13:00,B2,Aedes,Ae.scapularis,0,SMMG,2
2/24/2020,Febrero,1,norte,13:00,B3,Aedes,Ae.scapularis,0,SMMG,2
2/24/2020,Febrero,1,norte,13:00,B1,Aedes,Ae.fulvus,0,SMMG,2
2/24/2020,Febrero,1,norte,13:00,B2,Aedes,Ae.fulvus,0,SMMG,2
2/24/2020,Febrero,1,norte,13:00,B3,Aedes,Ae.fulvus,0,SMMG,2
2/24/2020,Febrero,1,norte,17:00,B1,Aedes,Ae.taeniorhynchus,15,MGSM,3
2/24/2020,Febrero,1,norte,17:00,B2,Aedes,Ae.taeniorhynchus,12,MGSM,3
2/24/2020,Febrero,1,norte,17:00,B3,Aedes,Ae.taeniorhynchus,21,MGSM,3
2/24/2020,Febrero,1,norte,17:00,B1,Aedes,Ae.angustivitattus,0,MGSM,3
2/24/2020,Febrero,1,norte,17:00,B2,Aedes,Ae.angustivitattus,0,MGSM,3
2/24/2020,Febrero,1,norte,17:00,B3,Aedes,Ae.angustivitattus,0,MGSM,3
2/24/2020,Febrero,1,norte,17:00,B1,Aedes,Ae.serratus,0,MGSM,3
2/24/2020,Febrero,1,norte,17:00,B2,Aedes,Ae.serratus,0,MGSM,3
2/24/2020,Febrero,1,norte,17:00,B3,Aedes,Ae.serratus,0,MGSM,3
2/24/2020,Febrero,1,norte,17:00,B1,Aedes,Ae.egypti,0,MGSM,3
2/24/2020,Febrero,1,norte,17:00,B2,Aedes,Ae.egypti,0,MGSM,3
2/24/2020,Febrero,1,norte,17:00,B3,Aedes,Ae.egypti,0,MGSM,3
2/24/2020,Febrero,1,norte,17:00,B1,Aedes,Ae.scapularis,0,MGSM,3
2/24/2020,Febrero,1,norte,17:00,B2,Aedes,Ae.scapularis,0,MGSM,3
2/24/2020,Febrero,1,norte,17:00,B3,Aedes,Ae.scapularis,0,MGSM,3
2/24/2020,Febrero,1,norte,17:00,B1,Aedes,Ae.fulvus,0,MGSM,3
2/24/2020,Febrero,1,norte,17:00,B2,Aedes,Ae.fulvus,0,MGSM,3
2/24/2020,Febrero,1,norte,17:00,B3,Aedes,Ae.fulvus,0,MGSM,3
2/24/2020,Febrero,1,norte,21:00,B1,Aedes,Ae.taeniorhynchus,23,SMMG,2
2/24/2020,Febrero,1,norte,21:00,B2,Aedes,Ae.taeniorhynchus,22,SMMG,2
2/24/2020,Febrero,1,norte,21:00,B3,Aedes,Ae.taeniorhynchus,26,SMMG,2
2/24/2020,Febrero,1,norte,21:00,B1,Aedes,Ae.angustivitattus,0,SMMG,2
2/24/2020,Febrero,1,norte,21:00,B2,Aedes,Ae.angustivitattus,0,SMMG,2
2/24/2020,Febrero,1,norte,21:00,B3,Aedes,Ae.angustivitattus,0,SMMG,2
2/24/2020,Febrero,1,norte,21:00,B1,Aedes,Ae.serratus,0,SMMG,2
2/24/2020,Febrero,1,norte,21:00,B2,Aedes,Ae.serratus,0,SMMG,2
2/24/2020,Febrero,1,norte,21:00,B3,Aedes,Ae.serratus,0,SMMG,2
2/24/2020,Febrero,1,norte,21:00,B1,Aedes,Ae.egypti,0,SMMG,2
2/24/2020,Febrero,1,norte,21:00,B2,Aedes,Ae.egypti,0,SMMG,2
2/24/2020,Febrero,1,norte,21:00,B3,Aedes,Ae.egypti,0,SMMG,2
2/24/2020,Febrero,1,norte,21:00,B1,Aedes,Ae.scapularis,0,SMMG,2
2/24/2020,Febrero,1,norte,21:00,B2,Aedes,Ae.scapularis,0,SMMG,2
2/24/2020,Febrero,1,norte,21:00,B3,Aedes,Ae.scapularis,0,SMMG,2
2/24/2020,Febrero,1,norte,21:00,B1,Aedes,Ae.fulvus,0,SMMG,2
2/24/2020,Febrero,1,norte,21:00,B2,Aedes,Ae.fulvus,0,SMMG,2
2/24/2020,Febrero,1,norte,21:00,B3,Aedes,Ae.fulvus,0,SMMG,2
2/25/2020,Febrero,1,norte,01:00,B1,Aedes,Ae.taeniorhynchus,23,BLDSM,1
2/25/2020,Febrero,1,norte,01:00,B2,Aedes,Ae.taeniorhynchus,18,BLDSM,1
2/25/2020,Febrero,1,norte,01:00,B3,Aedes,Ae.taeniorhynchus,20,BLDSM,1
2/25/2020,Febrero,1,norte,01:00,B1,Aedes,Ae.angustivitattus,0,BLDSM,1
2/25/2020,Febrero,1,norte,01:00,B2,Aedes,Ae.angustivitattus,0,BLDSM,1
2/25/2020,Febrero,1,norte,01:00,B3,Aedes,Ae.angustivitattus,0,BLDSM,1
2/25/2020,Febrero,1,norte,01:00,B1,Aedes,Ae.serratus,0,BLDSM,1
2/25/2020,Febrero,1,norte,01:00,B2,Aedes,Ae.serratus,0,BLDSM,1
2/25/2020,Febrero,1,norte,01:00,B3,Aedes,Ae.serratus,0,BLDSM,1
2/25/2020,Febrero,1,norte,01:00,B1,Aedes,Ae.egypti,0,BLDSM,1
2/25/2020,Febrero,1,norte,01:00,B2,Aedes,Ae.egypti,0,BLDSM,1
2/25/2020,Febrero,1,norte,01:00,B3,Aedes,Ae.egypti,0,BLDSM,1
2/25/2020,Febrero,1,norte,01:00,B1,Aedes,Ae.scapularis,0,BLDSM,1
2/25/2020,Febrero,1,norte,01:00,B2,Aedes,Ae.scapularis,0,BLDSM,1
2/25/2020,Febrero,1,norte,01:00,B3,Aedes,Ae.scapularis,0,BLDSM,1
2/25/2020,Febrero,1,norte,01:00,B1,Aedes,Ae.fulvus,0,BLDSM,1
2/25/2020,Febrero,1,norte,01:00,B2,Aedes,Ae.fulvus,0,BLDSM,1
2/25/2020,Febrero,1,norte,01:00,B3,Aedes,Ae.fulvus,0,BLDSM,1
2/25/2020,Febrero,1,norte,05:00,B1,Aedes,Ae.taeniorhynchus,20,MGSM,3
2/25/2020,Febrero,1,norte,05:00,B2,Aedes,Ae.taeniorhynchus,26,MGSM,3
2/25/2020,Febrero,1,norte,05:00,B3,Aedes,Ae.taeniorhynchus,32,MGSM,3
2/25/2020,Febrero,1,norte,05:00,B1,Aedes,Ae.angustivitattus,0,MGSM,3
2/25/2020,Febrero,1,norte,05:00,B2,Aedes,Ae.angustivitattus,0,MGSM,3
2/25/2020,Febrero,1,norte,05:00,B3,Aedes,Ae.angustivitattus,0,MGSM,3
2/25/2020,Febrero,1,norte,05:00,B1,Aedes,Ae.serratus,0,MGSM,3
2/25/2020,Febrero,1,norte,05:00,B2,Aedes,Ae.serratus,0,MGSM,3
2/25/2020,Febrero,1,norte,05:00,B3,Aedes,Ae.serratus,0,MGSM,3
2/25/2020,Febrero,1,norte,05:00,B1,Aedes,Ae.egypti,0,MGSM,3
2/25/2020,Febrero,1,norte,05:00,B2,Aedes,Ae.egypti,0,MGSM,3
2/25/2020,Febrero,1,norte,05:00,B3,Aedes,Ae.egypti,0,MGSM,3
2/25/2020,Febrero,1,norte,05:00,B1,Aedes,Ae.scapularis,0,MGSM,3
2/25/2020,Febrero,1,norte,05:00,B2,Aedes,Ae.scapularis,0,MGSM,3
2/25/2020,Febrero,1,norte,05:00,B3,Aedes,Ae.scapularis,0,MGSM,3
2/25/2020,Febrero,1,norte,05:00,B1,Aedes,Ae.fulvus,0,MGSM,3
2/25/2020,Febrero,1,norte,05:00,B2,Aedes,Ae.fulvus,0,MGSM,3
2/25/2020,Febrero,1,norte,05:00,B3,Aedes,Ae.fulvus,0,MGSM,3
2/25/2020,Febrero,1,norte,09:00,B1,Aedes,Ae.taeniorhynchus,23,BLDSM,1
2/25/2020,Febrero,1,norte,09:00,B2,Aedes,Ae.taeniorhynchus,32,BLDSM,1
2/25/2020,Febrero,1,norte,09:00,B3,Aedes,Ae.taeniorhynchus,29,BLDSM,1
2/25/2020,Febrero,1,norte,09:00,B1,Aedes,Ae.angustivitattus,0,BLDSM,1
2/25/2020,Febrero,1,norte,09:00,B2,Aedes,Ae.angustivitattus,0,BLDSM,1
2/25/2020,Febrero,1,norte,09:00,B3,Aedes,Ae.angustivitattus,0,BLDSM,1
2/25/2020,Febrero,1,norte,09:00,B1,Aedes,Ae.serratus,0,BLDSM,1
2/25/2020,Febrero,1,norte,09:00,B2,Aedes,Ae.serratus,0,BLDSM,1
2/25/2020,Febrero,1,norte,09:00,B3,Aedes,Ae.serratus,0,BLDSM,1
2/25/2020,Febrero,1,norte,09:00,B1,Aedes,Ae.egypti,0,BLDSM,1
2/25/2020,Febrero,1,norte,09:00,B2,Aedes,Ae.egypti,0,BLDSM,1
2/25/2020,Febrero,1,norte,09:00,B3,Aedes,Ae.egypti,0,BLDSM,1
2/25/2020,Febrero,1,norte,09:00,B1,Aedes,Ae.scapularis,0,BLDSM,1
2/25/2020,Febrero,1,norte,09:00,B2,Aedes,Ae.scapularis,0,BLDSM,1
2/25/2020,Febrero,1,norte,09:00,B3,Aedes,Ae.scapularis,0,BLDSM,1
2/25/2020,Febrero,1,norte,09:00,B1,Aedes,Ae.fulvus,0,BLDSM,1
2/25/2020,Febrero,1,norte,09:00,B2,Aedes,Ae.fulvus,0,BLDSM,1
2/25/2020,Febrero,1,norte,09:00,B3,Aedes,Ae.fulvus,0,BLDSM,1
3/21/2020,Marzo,2,dry,13:00,B1,Aedes,Ae.taeniorhynchus,369,SMMG,2
3/21/2020,Marzo,2,dry,13:00,B2,Aedes,Ae.taeniorhynchus,339,SMMG,2
3/21/2020,Marzo,2,dry,13:00,B3,Aedes,Ae.taeniorhynchus,225,SMMG,2
3/21/2020,Marzo,2,dry,13:00,B1,Aedes,Ae.angustivitattus,0,SMMG,2
3/21/2020,Marzo,2,dry,13:00,B2,Aedes,Ae.angustivitattus,0,SMMG,2
3/21/2020,Marzo,2,dry,13:00,B3,Aedes,Ae.angustivitattus,0,SMMG,2
3/21/2020,Marzo,2,dry,13:00,B1,Aedes,Ae.serratus,0,SMMG,2
3/21/2020,Marzo,2,dry,13:00,B2,Aedes,Ae.serratus,0,SMMG,2
3/21/2020,Marzo,2,dry,13:00,B3,Aedes,Ae.serratus,0,SMMG,2
3/21/2020,Marzo,2,dry,13:00,B1,Aedes,Ae.egypti,0,SMMG,2
3/21/2020,Marzo,2,dry,13:00,B2,Aedes,Ae.egypti,0,SMMG,2
3/21/2020,Marzo,2,dry,13:00,B3,Aedes,Ae.egypti,0,SMMG,2
3/21/2020,Marzo,2,dry,13:00,B1,Aedes,Ae.scapularis,0,SMMG,2
3/21/2020,Marzo,2,dry,13:00,B2,Aedes,Ae.scapularis,0,SMMG,2
3/21/2020,Marzo,2,dry,13:00,B3,Aedes,Ae.scapularis,0,SMMG,2
3/21/2020,Marzo,2,dry,13:00,B1,Aedes,Ae.fulvus,0,SMMG,2
3/21/2020,Marzo,2,dry,13:00,B2,Aedes,Ae.fulvus,0,SMMG,2
3/21/2020,Marzo,2,dry,13:00,B3,Aedes,Ae.fulvus,0,SMMG,2
3/21/2020,Marzo,2,dry,17:00,B1,Aedes,Ae.taeniorhynchus,82,MGSM,3
3/21/2020,Marzo,2,dry,17:00,B2,Aedes,Ae.taeniorhynchus,78,MGSM,3
3/21/2020,Marzo,2,dry,17:00,B3,Aedes,Ae.taeniorhynchus,25,MGSM,3
3/21/2020,Marzo,2,dry,17:00,B1,Aedes,Ae.angustivitattus,0,MGSM,3
3/21/2020,Marzo,2,dry,17:00,B2,Aedes,Ae.angustivitattus,0,MGSM,3
3/21/2020,Marzo,2,dry,17:00,B3,Aedes,Ae.angustivitattus,0,MGSM,3
3/21/2020,Marzo,2,dry,17:00,B1,Aedes,Ae.serratus,0,MGSM,3
3/21/2020,Marzo,2,dry,17:00,B2,Aedes,Ae.serratus,0,MGSM,3
3/21/2020,Marzo,2,dry,17:00,B3,Aedes,Ae.serratus,0,MGSM,3
3/21/2020,Marzo,2,dry,17:00,B1,Aedes,Ae.egypti,0,MGSM,3
3/21/2020,Marzo,2,dry,17:00,B2,Aedes,Ae.egypti,0,MGSM,3
3/21/2020,Marzo,2,dry,17:00,B3,Aedes,Ae.egypti,0,MGSM,3
3/21/2020,Marzo,2,dry,17:00,B1,Aedes,Ae.scapularis,0,MGSM,3
3/21/2020,Marzo,2,dry,17:00,B2,Aedes,Ae.scapularis,0,MGSM,3
3/21/2020,Marzo,2,dry,17:00,B3,Aedes,Ae.scapularis,0,MGSM,3
3/21/2020,Marzo,2,dry,17:00,B1,Aedes,Ae.fulvus,0,MGSM,3
3/21/2020,Marzo,2,dry,17:00,B2,Aedes,Ae.fulvus,0,MGSM,3
3/21/2020,Marzo,2,dry,17:00,B3,Aedes,Ae.fulvus,0,MGSM,3
3/21/2020,Marzo,2,dry,21:00,B1,Aedes,Ae.taeniorhynchus,304,SMMG,2
3/21/2020,Marzo,2,dry,21:00,B2,Aedes,Ae.taeniorhynchus,266,SMMG,2
3/21/2020,Marzo,2,dry,21:00,B3,Aedes,Ae.taeniorhynchus,331,SMMG,2
3/21/2020,Marzo,2,dry,21:00,B1,Aedes,Ae.angustivitattus,0,SMMG,2
3/21/2020,Marzo,2,dry,21:00,B2,Aedes,Ae.angustivitattus,0,SMMG,2
3/21/2020,Marzo,2,dry,21:00,B3,Aedes,Ae.angustivitattus,0,SMMG,2
3/21/2020,Marzo,2,dry,21:00,B1,Aedes,Ae.serratus,0,SMMG,2
3/21/2020,Marzo,2,dry,21:00,B2,Aedes,Ae.serratus,0,SMMG,2
3/21/2020,Marzo,2,dry,21:00,B3,Aedes,Ae.serratus,0,SMMG,2
3/21/2020,Marzo,2,dry,21:00,B1,Aedes,Ae.egypti,0,SMMG,2
3/21/2020,Marzo,2,dry,21:00,B2,Aedes,Ae.egypti,0,SMMG,2
3/21/2020,Marzo,2,dry,21:00,B3,Aedes,Ae.egypti,0,SMMG,2
3/21/2020,Marzo,2,dry,21:00,B1,Aedes,Ae.scapularis,0,SMMG,2
3/21/2020,Marzo,2,dry,21:00,B2,Aedes,Ae.scapularis,0,SMMG,2
3/21/2020,Marzo,2,dry,21:00,B3,Aedes,Ae.scapularis,0,SMMG,2
3/21/2020,Marzo,2,dry,21:00,B1,Aedes,Ae.fulvus,0,SMMG,2
3/21/2020,Marzo,2,dry,21:00,B2,Aedes,Ae.fulvus,0,SMMG,2
3/21/2020,Marzo,2,dry,21:00,B3,Aedes,Ae.fulvus,0,SMMG,2
3/22/2020,Marzo,2,dry,01:00,B1,Aedes,Ae.taeniorhynchus,467,BLDSM,1
3/22/2020,Marzo,2,dry,01:00,B2,Aedes,Ae.taeniorhynchus,398,BLDSM,1
3/22/2020,Marzo,2,dry,01:00,B3,Aedes,Ae.taeniorhynchus,372,BLDSM,1
3/22/2020,Marzo,2,dry,01:00,B1,Aedes,Ae.angustivitattus,0,BLDSM,1
3/22/2020,Marzo,2,dry,01:00,B2,Aedes,Ae.angustivitattus,0,BLDSM,1
3/22/2020,Marzo,2,dry,01:00,B3,Aedes,Ae.angustivitattus,0,BLDSM,1
3/22/2020,Marzo,2,dry,01:00,B1,Aedes,Ae.serratus,0,BLDSM,1
3/22/2020,Marzo,2,dry,01:00,B2,Aedes,Ae.serratus,0,BLDSM,1
3/22/2020,Marzo,2,dry,01:00,B3,Aedes,Ae.serratus,0,BLDSM,1
3/22/2020,Marzo,2,dry,01:00,B1,Aedes,Ae.egypti,0,BLDSM,1
3/22/2020,Marzo,2,dry,01:00,B2,Aedes,Ae.egypti,0,BLDSM,1
3/22/2020,Marzo,2,dry,01:00,B3,Aedes,Ae.egypti,0,BLDSM,1
3/22/2020,Marzo,2,dry,01:00,B1,Aedes,Ae.scapularis,0,BLDSM,1
3/22/2020,Marzo,2,dry,01:00,B2,Aedes,Ae.scapularis,0,BLDSM,1
3/22/2020,Marzo,2,dry,01:00,B3,Aedes,Ae.scapularis,0,BLDSM,1
3/22/2020,Marzo,2,dry,01:00,B1,Aedes,Ae.fulvus,0,BLDSM,1
3/22/2020,Marzo,2,dry,01:00,B2,Aedes,Ae.fulvus,0,BLDSM,1
3/22/2020,Marzo,2,dry,01:00,B3,Aedes,Ae.fulvus,0,BLDSM,1
3/22/2020,Marzo,2,dry,05:00,B1,Aedes,Ae.taeniorhynchus,222,MGSM,3
3/22/2020,Marzo,2,dry,05:00,B2,Aedes,Ae.taeniorhynchus,245,MGSM,3
3/22/2020,Marzo,2,dry,05:00,B3,Aedes,Ae.taeniorhynchus,151,MGSM,3
3/22/2020,Marzo,2,dry,05:00,B1,Aedes,Ae.angustivitattus,0,MGSM,3
3/22/2020,Marzo,2,dry,05:00,B2,Aedes,Ae.angustivitattus,0,MGSM,3
3/22/2020,Marzo,2,dry,05:00,B3,Aedes,Ae.angustivitattus,0,MGSM,3
3/22/2020,Marzo,2,dry,05:00,B1,Aedes,Ae.serratus,0,MGSM,3
3/22/2020,Marzo,2,dry,05:00,B2,Aedes,Ae.serratus,0,MGSM,3
3/22/2020,Marzo,2,dry,05:00,B3,Aedes,Ae.serratus,0,MGSM,3
3/22/2020,Marzo,2,dry,05:00,B1,Aedes,Ae.egypti,0,MGSM,3
3/22/2020,Marzo,2,dry,05:00,B2,Aedes,Ae.egypti,0,MGSM,3
3/22/2020,Marzo,2,dry,05:00,B3,Aedes,Ae.egypti,0,MGSM,3
3/22/2020,Marzo,2,dry,05:00,B1,Aedes,Ae.scapularis,0,MGSM,3
3/22/2020,Marzo,2,dry,05:00,B2,Aedes,Ae.scapularis,0,MGSM,3
3/22/2020,Marzo,2,dry,05:00,B3,Aedes,Ae.scapularis,0,MGSM,3
3/22/2020,Marzo,2,dry,05:00,B1,Aedes,Ae.fulvus,0,MGSM,3
3/22/2020,Marzo,2,dry,05:00,B2,Aedes,Ae.fulvus,0,MGSM,3
3/22/2020,Marzo,2,dry,05:00,B3,Aedes,Ae.fulvus,0,MGSM,3
3/22/2020,Marzo,2,dry,09:00,B1,Aedes,Ae.taeniorhynchus,154,BLDSM,1
3/22/2020,Marzo,2,dry,09:00,B2,Aedes,Ae.taeniorhynchus,99,BLDSM,1
3/22/2020,Marzo,2,dry,09:00,B3,Aedes,Ae.taeniorhynchus,36,BLDSM,1
3/22/2020,Marzo,2,dry,09:00,B1,Aedes,Ae.angustivitattus,0,BLDSM,1
3/22/2020,Marzo,2,dry,09:00,B2,Aedes,Ae.angustivitattus,0,BLDSM,1
3/22/2020,Marzo,2,dry,09:00,B3,Aedes,Ae.angustivitattus,0,BLDSM,1
3/22/2020,Marzo,2,dry,09:00,B1,Aedes,Ae.serratus,0,BLDSM,1
3/22/2020,Marzo,2,dry,09:00,B2,Aedes,Ae.serratus,0,BLDSM,1
3/22/2020,Marzo,2,dry,09:00,B3,Aedes,Ae.serratus,0,BLDSM,1
3/22/2020,Marzo,2,dry,09:00,B1,Aedes,Ae.egypti,0,BLDSM,1
3/22/2020,Marzo,2,dry,09:00,B2,Aedes,Ae.egypti,0,BLDSM,1
3/22/2020,Marzo,2,dry,09:00,B3,Aedes,Ae.egypti,0,BLDSM,1
3/22/2020,Marzo,2,dry,09:00,B1,Aedes,Ae.scapularis,0,BLDSM,1
3/22/2020,Marzo,2,dry,09:00,B2,Aedes,Ae.scapularis,0,BLDSM,1
3/22/2020,Marzo,2,dry,09:00,B3,Aedes,Ae.scapularis,0,BLDSM,1
3/22/2020,Marzo,2,dry,09:00,B1,Aedes,Ae.fulvus,0,BLDSM,1
3/22/2020,Marzo,2,dry,09:00,B2,Aedes,Ae.fulvus,0,BLDSM,1
3/22/2020,Marzo,2,dry,09:00,B3,Aedes,Ae.fulvus,0,BLDSM,1
8/27/2020,Agosto,3,rainy,13:00,B1,Aedes,Ae.taeniorhynchus,175,SMMG,2
8/27/2020,Agosto,3,rainy,13:00,B2,Aedes,Ae.taeniorhynchus,134,SMMG,2
8/27/2020,Agosto,3,rainy,13:00,B3,Aedes,Ae.taeniorhynchus,117,SMMG,2
8/27/2020,Agosto,3,rainy,13:00,B1,Aedes,Ae.angustivitattus,2,SMMG,2
8/27/2020,Agosto,3,rainy,13:00,B2,Aedes,Ae.angustivitattus,7,SMMG,2
8/27/2020,Agosto,3,rainy,13:00,B3,Aedes,Ae.angustivitattus,0,SMMG,2
8/27/2020,Agosto,3,rainy,13:00,B1,Aedes,Ae.serratus,8,SMMG,2
8/27/2020,Agosto,3,rainy,13:00,B2,Aedes,Ae.serratus,6,SMMG,2
8/27/2020,Agosto,3,rainy,13:00,B3,Aedes,Ae.serratus,0,SMMG,2
8/27/2020,Agosto,3,rainy,13:00,B1,Aedes,Ae.egypti,0,SMMG,2
8/27/2020,Agosto,3,rainy,13:00,B2,Aedes,Ae.egypti,0,SMMG,2
8/27/2020,Agosto,3,rainy,13:00,B3,Aedes,Ae.egypti,0,SMMG,2
8/27/2020,Agosto,3,rainy,13:00,B1,Aedes,Ae.scapularis,0,SMMG,2
8/27/2020,Agosto,3,rainy,13:00,B2,Aedes,Ae.scapularis,0,SMMG,2
8/27/2020,Agosto,3,rainy,13:00,B3,Aedes,Ae.scapularis,0,SMMG,2
8/27/2020,Agosto,3,rainy,13:00,B1,Aedes,Ae.fulvus,0,SMMG,2
8/27/2020,Agosto,3,rainy,13:00,B2,Aedes,Ae.fulvus,0,SMMG,2
8/27/2020,Agosto,3,rainy,13:00,B3,Aedes,Ae.fulvus,0,SMMG,2
8/27/2020,Agosto,3,rainy,17:00,B1,Aedes,Ae.taeniorhynchus,46,MGSM,3
8/27/2020,Agosto,3,rainy,17:00,B2,Aedes,Ae.taeniorhynchus,72,MGSM,3
8/27/2020,Agosto,3,rainy,17:00,B3,Aedes,Ae.taeniorhynchus,60,MGSM,3
8/27/2020,Agosto,3,rainy,17:00,B1,Aedes,Ae.angustivitattus,0,MGSM,3
8/27/2020,Agosto,3,rainy,17:00,B2,Aedes,Ae.angustivitattus,0,MGSM,3
8/27/2020,Agosto,3,rainy,17:00,B3,Aedes,Ae.angustivitattus,0,MGSM,3
8/27/2020,Agosto,3,rainy,17:00,B1,Aedes,Ae.serratus,1,MGSM,3
8/27/2020,Agosto,3,rainy,17:00,B2,Aedes,Ae.serratus,5,MGSM,3
8/27/2020,Agosto,3,rainy,17:00,B3,Aedes,Ae.serratus,0,MGSM,3
8/27/2020,Agosto,3,rainy,17:00,B1,Aedes,Ae.egypti,0,MGSM,3
8/27/2020,Agosto,3,rainy,17:00,B2,Aedes,Ae.egypti,0,MGSM,3
8/27/2020,Agosto,3,rainy,17:00,B3,Aedes,Ae.egypti,0,MGSM,3
8/27/2020,Agosto,3,rainy,17:00,B1,Aedes,Ae.scapularis,0,MGSM,3
8/27/2020,Agosto,3,rainy,17:00,B2,Aedes,Ae.scapularis,0,MGSM,3
8/27/2020,Agosto,3,rainy,17:00,B3,Aedes,Ae.scapularis,0,MGSM,3
8/27/2020,Agosto,3,rainy,17:00,B1,Aedes,Ae.fulvus,0,MGSM,3
8/27/2020,Agosto,3,rainy,17:00,B2,Aedes,Ae.fulvus,0,MGSM,3
8/27/2020,Agosto,3,rainy,17:00,B3,Aedes,Ae.fulvus,0,MGSM,3
8/27/2020,Agosto,3,rainy,21:00,B1,Aedes,Ae.taeniorhynchus,46,SMMG,2
8/27/2020,Agosto,3,rainy,21:00,B2,Aedes,Ae.taeniorhynchus,76,SMMG,2
8/27/2020,Agosto,3,rainy,21:00,B3,Aedes,Ae.taeniorhynchus,76,SMMG,2
8/27/2020,Agosto,3,rainy,21:00,B1,Aedes,Ae.angustivitattus,0,SMMG,2
8/27/2020,Agosto,3,rainy,21:00,B2,Aedes,Ae.angustivitattus,0,SMMG,2
8/27/2020,Agosto,3,rainy,21:00,B3,Aedes,Ae.angustivitattus,0,SMMG,2
8/27/2020,Agosto,3,rainy,21:00,B1,Aedes,Ae.serratus,0,SMMG,2
8/27/2020,Agosto,3,rainy,21:00,B2,Aedes,Ae.serratus,0,SMMG,2
8/27/2020,Agosto,3,rainy,21:00,B3,Aedes,Ae.serratus,0,SMMG,2
8/27/2020,Agosto,3,rainy,21:00,B1,Aedes,Ae.egypti,6,SMMG,2
8/27/2020,Agosto,3,rainy,21:00,B2,Aedes,Ae.egypti,1,SMMG,2
8/27/2020,Agosto,3,rainy,21:00,B3,Aedes,Ae.egypti,0,SMMG,2
8/27/2020,Agosto,3,rainy,21:00,B1,Aedes,Ae.scapularis,0,SMMG,2
8/27/2020,Agosto,3,rainy,21:00,B2,Aedes,Ae.scapularis,0,SMMG,2
8/27/2020,Agosto,3,rainy,21:00,B3,Aedes,Ae.scapularis,0,SMMG,2
8/27/2020,Agosto,3,rainy,21:00,B1,Aedes,Ae.fulvus,0,SMMG,2
8/27/2020,Agosto,3,rainy,21:00,B2,Aedes,Ae.fulvus,0,SMMG,2
8/27/2020,Agosto,3,rainy,21:00,B3,Aedes,Ae.fulvus,0,SMMG,2
8/28/2020,Agosto,3,rainy,01:00,B3,Aedes,Ae.taeniorhynchus,44,BLDSM,1
8/28/2020,Agosto,3,rainy,01:00,B2,Aedes,Ae.taeniorhynchus,78,BLDSM,1
8/28/2020,Agosto,3,rainy,01:00,B1,Aedes,Ae.taeniorhynchus,79,BLDSM,1
8/28/2020,Agosto,3,rainy,01:00,B3,Aedes,Ae.angustivitattus,1,BLDSM,1
8/28/2020,Agosto,3,rainy,01:00,B2,Aedes,Ae.angustivitattus,0,BLDSM,1
8/28/2020,Agosto,3,rainy,01:00,B1,Aedes,Ae.angustivitattus,0,BLDSM,1
8/28/2020,Agosto,3,rainy,01:00,B3,Aedes,Ae.serratus,0,BLDSM,1
8/28/2020,Agosto,3,rainy,01:00,B2,Aedes,Ae.serratus,3,BLDSM,1
8/28/2020,Agosto,3,rainy,01:00,B1,Aedes,Ae.serratus,1,BLDSM,1
8/28/2020,Agosto,3,rainy,01:00,B3,Aedes,Ae.egypti,1,BLDSM,1
8/28/2020,Agosto,3,rainy,01:00,B2,Aedes,Ae.egypti,0,BLDSM,1
8/28/2020,Agosto,3,rainy,01:00,B1,Aedes,Ae.egypti,0,BLDSM,1
8/28/2020,Agosto,3,rainy,01:00,B3,Aedes,Ae.scapularis,0,BLDSM,1
8/28/2020,Agosto,3,rainy,01:00,B2,Aedes,Ae.scapularis,0,BLDSM,1
8/28/2020,Agosto,3,rainy,01:00,B1,Aedes,Ae.scapularis,0,BLDSM,1
8/28/2020,Agosto,3,rainy,01:00,B3,Aedes,Ae.fulvus,0,BLDSM,1
8/28/2020,Agosto,3,rainy,01:00,B2,Aedes,Ae.fulvus,0,BLDSM,1
8/28/2020,Agosto,3,rainy,01:00,B1,Aedes,Ae.fulvus,0,BLDSM,1
8/28/2020,Agosto,3,rainy,05:00,B1,Aedes,Ae.taeniorhynchus,75,MGSM,3
8/28/2020,Agosto,3,rainy,05:00,B2,Aedes,Ae.taeniorhynchus,102,MGSM,3
8/28/2020,Agosto,3,rainy,05:00,B3,Aedes,Ae.taeniorhynchus,79,MGSM,3
8/28/2020,Agosto,3,rainy,05:00,B1,Aedes,Ae.angustivitattus,1,MGSM,3
8/28/2020,Agosto,3,rainy,05:00,B2,Aedes,Ae.angustivitattus,0,MGSM,3
8/28/2020,Agosto,3,rainy,05:00,B3,Aedes,Ae.angustivitattus,2,MGSM,3
8/28/2020,Agosto,3,rainy,05:00,B1,Aedes,Ae.serratus,10,MGSM,3
8/28/2020,Agosto,3,rainy,05:00,B2,Aedes,Ae.serratus,6,MGSM,3
8/28/2020,Agosto,3,rainy,05:00,B3,Aedes,Ae.serratus,8,MGSM,3
8/28/2020,Agosto,3,rainy,05:00,B1,Aedes,Ae.egypti,0,MGSM,3
8/28/2020,Agosto,3,rainy,05:00,B2,Aedes,Ae.egypti,0,MGSM,3
8/28/2020,Agosto,3,rainy,05:00,B3,Aedes,Ae.egypti,1,MGSM,3
8/28/2020,Agosto,3,rainy,05:00,B1,Aedes,Ae.scapularis,0,MGSM,3
8/28/2020,Agosto,3,rainy,05:00,B2,Aedes,Ae.scapularis,2,MGSM,3
8/28/2020,Agosto,3,rainy,05:00,B3,Aedes,Ae.scapularis,0,MGSM,3
8/28/2020,Agosto,3,rainy,05:00,B1,Aedes,Ae.fulvus,0,MGSM,3
8/28/2020,Agosto,3,rainy,05:00,B2,Aedes,Ae.fulvus,0,MGSM,3
8/28/2020,Agosto,3,rainy,05:00,B3,Aedes,Ae.fulvus,0,MGSM,3
8/28/2020,Agosto,3,rainy,09:00,B1,Aedes,Ae.taeniorhynchus,28,BLDSM,1
8/28/2020,Agosto,3,rainy,09:00,B2,Aedes,Ae.taeniorhynchus,80,BLDSM,1
8/28/2020,Agosto,3,rainy,09:00,B3,Aedes,Ae.taeniorhynchus,51,BLDSM,1
8/28/2020,Agosto,3,rainy,09:00,B1,Aedes,Ae.angustivitattus,1,BLDSM,1
8/28/2020,Agosto,3,rainy,09:00,B2,Aedes,Ae.angustivitattus,1,BLDSM,1
8/28/2020,Agosto,3,rainy,09:00,B3,Aedes,Ae.angustivitattus,0,BLDSM,1
8/28/2020,Agosto,3,rainy,09:00,B1,Aedes,Ae.serratus,0,BLDSM,1
8/28/2020,Agosto,3,rainy,09:00,B2,Aedes,Ae.serratus,5,BLDSM,1
8/28/2020,Agosto,3,rainy,09:00,B3,Aedes,Ae.serratus,1,BLDSM,1
8/28/2020,Agosto,3,rainy,09:00,B1,Aedes,Ae.egypti,0,BLDSM,1
8/28/2020,Agosto,3,rainy,09:00,B2,Aedes,Ae.egypti,2,BLDSM,1
8/28/2020,Agosto,3,rainy,09:00,B3,Aedes,Ae.egypti,1,BLDSM,1
8/28/2020,Agosto,3,rainy,09:00,B1,Aedes,Ae.scapularis,0,BLDSM,1
8/28/2020,Agosto,3,rainy,09:00,B2,Aedes,Ae.scapularis,4,BLDSM,1
8/28/2020,Agosto,3,rainy,09:00,B3,Aedes,Ae.scapularis,0,BLDSM,1
8/28/2020,Agosto,3,rainy,09:00,B1,Aedes,Ae.fulvus,0,BLDSM,1
8/28/2020,Agosto,3,rainy,09:00,B2,Aedes,Ae.fulvus,0,BLDSM,1
8/28/2020,Agosto,3,rainy,09:00,B3,Aedes,Ae.fulvus,0,BLDSM,1
9/24/2020,Septiembre,3,rainy,13:00,B1,Aedes,Ae.taeniorhynchus,242,SMMG,2
9/24/2020,Septiembre,3,rainy,13:00,B2,Aedes,Ae.taeniorhynchus,146,SMMG,2
9/24/2020,Septiembre,3,rainy,13:00,B3,Aedes,Ae.taeniorhynchus,86,SMMG,2
9/24/2020,Septiembre,3,rainy,13:00,B1,Aedes,Ae.angustivitattus,2,SMMG,2
9/24/2020,Septiembre,3,rainy,13:00,B2,Aedes,Ae.angustivitattus,2,SMMG,2
9/24/2020,Septiembre,3,rainy,13:00,B3,Aedes,Ae.angustivitattus,0,SMMG,2
9/24/2020,Septiembre,3,rainy,13:00,B1,Aedes,Ae.serratus,3,SMMG,2
9/24/2020,Septiembre,3,rainy,13:00,B2,Aedes,Ae.serratus,0,SMMG,2
9/24/2020,Septiembre,3,rainy,13:00,B3,Aedes,Ae.serratus,1,SMMG,2
9/24/2020,Septiembre,3,rainy,13:00,B1,Aedes,Ae.egypti,0,SMMG,2
9/24/2020,Septiembre,3,rainy,13:00,B2,Aedes,Ae.egypti,2,SMMG,2
9/24/2020,Septiembre,3,rainy,13:00,B3,Aedes,Ae.egypti,1,SMMG,2
9/24/2020,Septiembre,3,rainy,13:00,B1,Aedes,Ae.scapularis,1,SMMG,2
9/24/2020,Septiembre,3,rainy,13:00,B2,Aedes,Ae.scapularis,0,SMMG,2
9/24/2020,Septiembre,3,rainy,13:00,B3,Aedes,Ae.scapularis,1,SMMG,2
9/24/2020,Septiembre,3,rainy,13:00,B1,Aedes,Ae.fulvus,0,SMMG,2
9/24/2020,Septiembre,3,rainy,13:00,B2,Aedes,Ae.fulvus,0,SMMG,2
9/24/2020,Septiembre,3,rainy,13:00,B3,Aedes,Ae.fulvus,0,SMMG,2
9/24/2020,Septiembre,3,rainy,17:00,B1,Aedes,Ae.taeniorhynchus,133,MGSM,3
9/24/2020,Septiembre,3,rainy,17:00,B2,Aedes,Ae.taeniorhynchus,122,MGSM,3
9/24/2020,Septiembre,3,rainy,17:00,B3,Aedes,Ae.taeniorhynchus,113,MGSM,3
9/24/2020,Septiembre,3,rainy,17:00,B1,Aedes,Ae.angustivitattus,0,MGSM,3
9/24/2020,Septiembre,3,rainy,17:00,B2,Aedes,Ae.angustivitattus,1,MGSM,3
9/24/2020,Septiembre,3,rainy,17:00,B3,Aedes,Ae.angustivitattus,0,MGSM,3
9/24/2020,Septiembre,3,rainy,17:00,B1,Aedes,Ae.serratus,0,MGSM,3
9/24/2020,Septiembre,3,rainy,17:00,B2,Aedes,Ae.serratus,0,MGSM,3
9/24/2020,Septiembre,3,rainy,17:00,B3,Aedes,Ae.serratus,0,MGSM,3
9/24/2020,Septiembre,3,rainy,17:00,B1,Aedes,Ae.egypti,0,MGSM,3
9/24/2020,Septiembre,3,rainy,17:00,B2,Aedes,Ae.egypti,0,MGSM,3
9/24/2020,Septiembre,3,rainy,17:00,B3,Aedes,Ae.egypti,0,MGSM,3
9/24/2020,Septiembre,3,rainy,17:00,B1,Aedes,Ae.scapularis,0,MGSM,3
9/24/2020,Septiembre,3,rainy,17:00,B2,Aedes,Ae.scapularis,1,MGSM,3
9/24/2020,Septiembre,3,rainy,17:00,B3,Aedes,Ae.scapularis,0,MGSM,3
9/24/2020,Septiembre,3,rainy,17:00,B1,Aedes,Ae.fulvus,0,MGSM,3
9/24/2020,Septiembre,3,rainy,17:00,B2,Aedes,Ae.fulvus,0,MGSM,3
9/24/2020,Septiembre,3,rainy,17:00,B3,Aedes,Ae.fulvus,0,MGSM,3
9/24/2020,Septiembre,3,rainy,21:00,B1,Aedes,Ae.taeniorhynchus,174,SMMG,2
9/24/2020,Septiembre,3,rainy,21:00,B2,Aedes,Ae.taeniorhynchus,142,SMMG,2
9/24/2020,Septiembre,3,rainy,21:00,B3,Aedes,Ae.taeniorhynchus,162,SMMG,2
9/24/2020,Septiembre,3,rainy,21:00,B1,Aedes,Ae.angustivitattus,3,SMMG,2
9/24/2020,Septiembre,3,rainy,21:00,B2,Aedes,Ae.angustivitattus,1,SMMG,2
9/24/2020,Septiembre,3,rainy,21:00,B3,Aedes,Ae.angustivitattus,0,SMMG,2
9/24/2020,Septiembre,3,rainy,21:00,B1,Aedes,Ae.serratus,0,SMMG,2
9/24/2020,Septiembre,3,rainy,21:00,B2,Aedes,Ae.serratus,2,SMMG,2
9/24/2020,Septiembre,3,rainy,21:00,B3,Aedes,Ae.serratus,1,SMMG,2
9/24/2020,Septiembre,3,rainy,21:00,B1,Aedes,Ae.egypti,0,SMMG,2
9/24/2020,Septiembre,3,rainy,21:00,B2,Aedes,Ae.egypti,0,SMMG,2
9/24/2020,Septiembre,3,rainy,21:00,B3,Aedes,Ae.egypti,0,SMMG,2
9/24/2020,Septiembre,3,rainy,21:00,B1,Aedes,Ae.scapularis,1,SMMG,2
9/24/2020,Septiembre,3,rainy,21:00,B2,Aedes,Ae.scapularis,2,SMMG,2
9/24/2020,Septiembre,3,rainy,21:00,B3,Aedes,Ae.scapularis,0,SMMG,2
9/24/2020,Septiembre,3,rainy,21:00,B1,Aedes,Ae.fulvus,0,SMMG,2
9/24/2020,Septiembre,3,rainy,21:00,B2,Aedes,Ae.fulvus,1,SMMG,2
9/24/2020,Septiembre,3,rainy,21:00,B3,Aedes,Ae.fulvus,1,SMMG,2
9/25/2020,Septiembre,3,rainy,01:00,B1,Aedes,Ae.taeniorhynchus,235,BLDSM,1
9/25/2020,Septiembre,3,rainy,01:00,B2,Aedes,Ae.taeniorhynchus,177,BLDSM,1
9/25/2020,Septiembre,3,rainy,01:00,B3,Aedes,Ae.taeniorhynchus,117,BLDSM,1
9/25/2020,Septiembre,3,rainy,01:00,B1,Aedes,Ae.angustivitattus,0,BLDSM,1
9/25/2020,Septiembre,3,rainy,01:00,B2,Aedes,Ae.angustivitattus,0,BLDSM,1
9/25/2020,Septiembre,3,rainy,01:00,B3,Aedes,Ae.angustivitattus,0,BLDSM,1
9/25/2020,Septiembre,3,rainy,01:00,B1,Aedes,Ae.serratus,0,BLDSM,1
9/25/2020,Septiembre,3,rainy,01:00,B2,Aedes,Ae.serratus,0,BLDSM,1
9/25/2020,Septiembre,3,rainy,01:00,B3,Aedes,Ae.serratus,1,BLDSM,1
9/25/2020,Septiembre,3,rainy,01:00,B1,Aedes,Ae.egypti,1,BLDSM,1
9/25/2020,Septiembre,3,rainy,01:00,B2,Aedes,Ae.egypti,0,BLDSM,1
9/25/2020,Septiembre,3,rainy,01:00,B3,Aedes,Ae.egypti,0,BLDSM,1
9/25/2020,Septiembre,3,rainy,01:00,B1,Aedes,Ae.scapularis,0,BLDSM,1
9/25/2020,Septiembre,3,rainy,01:00,B2,Aedes,Ae.scapularis,0,BLDSM,1
9/25/2020,Septiembre,3,rainy,01:00,B3,Aedes,Ae.scapularis,0,BLDSM,1
9/25/2020,Septiembre,3,rainy,01:00,B1,Aedes,Ae.fulvus,0,BLDSM,1
9/25/2020,Septiembre,3,rainy,01:00,B2,Aedes,Ae.fulvus,0,BLDSM,1
9/25/2020,Septiembre,3,rainy,01:00,B3,Aedes,Ae.fulvus,0,BLDSM,1
9/25/2020,Septiembre,3,rainy,05:00,B1,Aedes,Ae.taeniorhynchus,193,MGSM,3
9/25/2020,Septiembre,3,rainy,05:00,B2,Aedes,Ae.taeniorhynchus,36,MGSM,3
9/25/2020,Septiembre,3,rainy,05:00,B3,Aedes,Ae.taeniorhynchus,163,MGSM,3
9/25/2020,Septiembre,3,rainy,05:00,B1,Aedes,Ae.angustivitattus,1,MGSM,3
9/25/2020,Septiembre,3,rainy,05:00,B2,Aedes,Ae.angustivitattus,0,MGSM,3
9/25/2020,Septiembre,3,rainy,05:00,B3,Aedes,Ae.angustivitattus,0,MGSM,3
9/25/2020,Septiembre,3,rainy,05:00,B1,Aedes,Ae.serratus,0,MGSM,3
9/25/2020,Septiembre,3,rainy,05:00,B2,Aedes,Ae.serratus,0,MGSM,3
9/25/2020,Septiembre,3,rainy,05:00,B3,Aedes,Ae.serratus,1,MGSM,3
9/25/2020,Septiembre,3,rainy,05:00,B1,Aedes,Ae.egypti,1,MGSM,3
9/25/2020,Septiembre,3,rainy,05:00,B2,Aedes,Ae.egypti,1,MGSM,3
9/25/2020,Septiembre,3,rainy,05:00,B3,Aedes,Ae.egypti,0,MGSM,3
9/25/2020,Septiembre,3,rainy,05:00,B1,Aedes,Ae.scapularis,0,MGSM,3
9/25/2020,Septiembre,3,rainy,05:00,B2,Aedes,Ae.scapularis,0,MGSM,3
9/25/2020,Septiembre,3,rainy,05:00,B3,Aedes,Ae.scapularis,0,MGSM,3
9/25/2020,Septiembre,3,rainy,05:00,B1,Aedes,Ae.fulvus,0,MGSM,3
9/25/2020,Septiembre,3,rainy,05:00,B2,Aedes,Ae.fulvus,0,MGSM,3
9/25/2020,Septiembre,3,rainy,05:00,B3,Aedes,Ae.fulvus,0,MGSM,3
9/25/2020,Septiembre,3,rainy,09:00,B1,Aedes,Ae.taeniorhynchus,261,BLDSM,1
9/25/2020,Septiembre,3,rainy,09:00,B2,Aedes,Ae.taeniorhynchus,247,BLDSM,1
9/25/2020,Septiembre,3,rainy,09:00,B3,Aedes,Ae.taeniorhynchus,218,BLDSM,1
9/25/2020,Septiembre,3,rainy,09:00,B1,Aedes,Ae.angustivitattus,3,BLDSM,1
9/25/2020,Septiembre,3,rainy,09:00,B2,Aedes,Ae.angustivitattus,0,BLDSM,1
9/25/2020,Septiembre,3,rainy,09:00,B3,Aedes,Ae.angustivitattus,0,BLDSM,1
9/25/2020,Septiembre,3,rainy,09:00,B1,Aedes,Ae.serratus,1,BLDSM,1
9/25/2020,Septiembre,3,rainy,09:00,B2,Aedes,Ae.serratus,0,BLDSM,1
9/25/2020,Septiembre,3,rainy,09:00,B3,Aedes,Ae.serratus,0,BLDSM,1
9/25/2020,Septiembre,3,rainy,09:00,B1,Aedes,Ae.egypti,1,BLDSM,1
9/25/2020,Septiembre,3,rainy,09:00,B2,Aedes,Ae.egypti,1,BLDSM,1
9/25/2020,Septiembre,3,rainy,09:00,B3,Aedes,Ae.egypti,1,BLDSM,1
9/25/2020,Septiembre,3,rainy,09:00,B1,Aedes,Ae.scapularis,0,BLDSM,1
9/25/2020,Septiembre,3,rainy,09:00,B2,Aedes,Ae.scapularis,1,BLDSM,1
9/25/2020,Septiembre,3,rainy,09:00,B3,Aedes,Ae.scapularis,0,BLDSM,1
9/25/2020,Septiembre,3,rainy,09:00,B1,Aedes,Ae.fulvus,0,BLDSM,1
9/25/2020,Septiembre,3,rainy,09:00,B2,Aedes,Ae.fulvus,0,BLDSM,1
9/25/2020,Septiembre,3,rainy,09:00,B3,Aedes,Ae.fulvus,0,BLDSM,1
10/22/2020,Octubre,1,norte,13:00,B1,Aedes,Ae.taeniorhynchus,290,SMMG,2
10/22/2020,Octubre,1,norte,13:00,B2,Aedes,Ae.taeniorhynchus,229,SMMG,2
10/22/2020,Octubre,1,norte,13:00,B3,Aedes,Ae.taeniorhynchus,271,SMMG,2
10/22/2020,Octubre,1,norte,13:00,B1,Aedes,Ae.angustivitattus,21,SMMG,2
10/22/2020,Octubre,1,norte,13:00,B2,Aedes,Ae.angustivitattus,10,SMMG,2
10/22/2020,Octubre,1,norte,13:00,B3,Aedes,Ae.angustivitattus,30,SMMG,2
10/22/2020,Octubre,1,norte,13:00,B1,Aedes,Ae.serratus,1,SMMG,2
10/22/2020,Octubre,1,norte,13:00,B2,Aedes,Ae.serratus,2,SMMG,2
10/22/2020,Octubre,1,norte,13:00,B3,Aedes,Ae.serratus,1,SMMG,2
10/22/2020,Octubre,1,norte,13:00,B1,Aedes,Ae.egypti,2,SMMG,2
10/22/2020,Octubre,1,norte,13:00,B2,Aedes,Ae.egypti,1,SMMG,2
10/22/2020,Octubre,1,norte,13:00,B3,Aedes,Ae.egypti,2,SMMG,2
10/22/2020,Octubre,1,norte,13:00,B1,Aedes,Ae.scapularis,1,SMMG,2
10/22/2020,Octubre,1,norte,13:00,B2,Aedes,Ae.scapularis,1,SMMG,2
10/22/2020,Octubre,1,norte,13:00,B3,Aedes,Ae.scapularis,1,SMMG,2
10/22/2020,Octubre,1,norte,13:00,B1,Aedes,Ae.fulvus,0,SMMG,2
10/22/2020,Octubre,1,norte,13:00,B2,Aedes,Ae.fulvus,0,SMMG,2
10/22/2020,Octubre,1,norte,13:00,B3,Aedes,Ae.fulvus,0,SMMG,2
10/22/2020,Octubre,1,norte,17:00,B1,Aedes,Ae.taeniorhynchus,206,MGSM,3
10/22/2020,Octubre,1,norte,17:00,B2,Aedes,Ae.taeniorhynchus,190,MGSM,3
10/22/2020,Octubre,1,norte,17:00,B3,Aedes,Ae.taeniorhynchus,166,MGSM,3
10/22/2020,Octubre,1,norte,17:00,B1,Aedes,Ae.angustivitattus,8,MGSM,3
10/22/2020,Octubre,1,norte,17:00,B2,Aedes,Ae.angustivitattus,3,MGSM,3
10/22/2020,Octubre,1,norte,17:00,B3,Aedes,Ae.angustivitattus,6,MGSM,3
10/22/2020,Octubre,1,norte,17:00,B1,Aedes,Ae.serratus,4,MGSM,3
10/22/2020,Octubre,1,norte,17:00,B2,Aedes,Ae.serratus,5,MGSM,3
10/22/2020,Octubre,1,norte,17:00,B3,Aedes,Ae.serratus,2,MGSM,3
10/22/2020,Octubre,1,norte,17:00,B1,Aedes,Ae.egypti,2,MGSM,3
10/22/2020,Octubre,1,norte,17:00,B2,Aedes,Ae.egypti,1,MGSM,3
10/22/2020,Octubre,1,norte,17:00,B3,Aedes,Ae.egypti,3,MGSM,3
10/22/2020,Octubre,1,norte,17:00,B1,Aedes,Ae.scapularis,1,MGSM,3
10/22/2020,Octubre,1,norte,17:00,B2,Aedes,Ae.scapularis,1,MGSM,3
10/22/2020,Octubre,1,norte,17:00,B3,Aedes,Ae.scapularis,0,MGSM,3
10/22/2020,Octubre,1,norte,17:00,B1,Aedes,Ae.fulvus,0,MGSM,3
10/22/2020,Octubre,1,norte,17:00,B2,Aedes,Ae.fulvus,0,MGSM,3
10/22/2020,Octubre,1,norte,17:00,B3,Aedes,Ae.fulvus,0,MGSM,3
10/22/2020,Octubre,1,norte,21:00,B1,Aedes,Ae.taeniorhynchus,127,SMMG,2
10/22/2020,Octubre,1,norte,21:00,B2,Aedes,Ae.taeniorhynchus,124,SMMG,2
10/22/2020,Octubre,1,norte,21:00,B3,Aedes,Ae.taeniorhynchus,62,SMMG,2
10/22/2020,Octubre,1,norte,21:00,B1,Aedes,Ae.angustivitattus,8,SMMG,2
10/22/2020,Octubre,1,norte,21:00,B2,Aedes,Ae.angustivitattus,3,SMMG,2
10/22/2020,Octubre,1,norte,21:00,B3,Aedes,Ae.angustivitattus,2,SMMG,2
10/22/2020,Octubre,1,norte,21:00,B1,Aedes,Ae.serratus,1,SMMG,2
10/22/2020,Octubre,1,norte,21:00,B2,Aedes,Ae.serratus,1,SMMG,2
10/22/2020,Octubre,1,norte,21:00,B3,Aedes,Ae.serratus,0,SMMG,2
10/22/2020,Octubre,1,norte,21:00,B1,Aedes,Ae.egypti,1,SMMG,2
10/22/2020,Octubre,1,norte,21:00,B2,Aedes,Ae.egypti,1,SMMG,2
10/22/2020,Octubre,1,norte,21:00,B3,Aedes,Ae.egypti,1,SMMG,2
10/22/2020,Octubre,1,norte,21:00,B1,Aedes,Ae.scapularis,1,SMMG,2
10/22/2020,Octubre,1,norte,21:00,B2,Aedes,Ae.scapularis,1,SMMG,2
10/22/2020,Octubre,1,norte,21:00,B3,Aedes,Ae.scapularis,0,SMMG,2
10/22/2020,Octubre,1,norte,21:00,B1,Aedes,Ae.fulvus,0,SMMG,2
10/22/2020,Octubre,1,norte,21:00,B2,Aedes,Ae.fulvus,0,SMMG,2
10/22/2020,Octubre,1,norte,21:00,B3,Aedes,Ae.fulvus,0,SMMG,2
10/23/2020,Octubre,1,norte,01:00,B1,Aedes,Ae.taeniorhynchus,118,BLDSM,1
10/23/2020,Octubre,1,norte,01:00,B2,Aedes,Ae.taeniorhynchus,140,BLDSM,1
10/23/2020,Octubre,1,norte,01:00,B3,Aedes,Ae.taeniorhynchus,135,BLDSM,1
10/23/2020,Octubre,1,norte,01:00,B1,Aedes,Ae.angustivitattus,2,BLDSM,1
10/23/2020,Octubre,1,norte,01:00,B2,Aedes,Ae.angustivitattus,0,BLDSM,1
10/23/2020,Octubre,1,norte,01:00,B3,Aedes,Ae.angustivitattus,1,BLDSM,1
10/23/2020,Octubre,1,norte,01:00,B1,Aedes,Ae.serratus,0,BLDSM,1
10/23/2020,Octubre,1,norte,01:00,B2,Aedes,Ae.serratus,1,BLDSM,1
10/23/2020,Octubre,1,norte,01:00,B3,Aedes,Ae.serratus,0,BLDSM,1
10/23/2020,Octubre,1,norte,01:00,B1,Aedes,Ae.egypti,1,BLDSM,1
10/23/2020,Octubre,1,norte,01:00,B2,Aedes,Ae.egypti,2,BLDSM,1
10/23/2020,Octubre,1,norte,01:00,B3,Aedes,Ae.egypti,1,BLDSM,1
10/23/2020,Octubre,1,norte,01:00,B1,Aedes,Ae.scapularis,0,BLDSM,1
10/23/2020,Octubre,1,norte,01:00,B2,Aedes,Ae.scapularis,1,BLDSM,1
10/23/2020,Octubre,1,norte,01:00,B3,Aedes,Ae.scapularis,0,BLDSM,1
10/23/2020,Octubre,1,norte,01:00,B1,Aedes,Ae.fulvus,0,BLDSM,1
10/23/2020,Octubre,1,norte,01:00,B2,Aedes,Ae.fulvus,0,BLDSM,1
10/23/2020,Octubre,1,norte,01:00,B3,Aedes,Ae.fulvus,0,BLDSM,1
10/23/2020,Octubre,1,norte,05:00,B1,Aedes,Ae.taeniorhynchus,89,MGSM,3
10/23/2020,Octubre,1,norte,05:00,B2,Aedes,Ae.taeniorhynchus,69,MGSM,3
10/23/2020,Octubre,1,norte,05:00,B3,Aedes,Ae.taeniorhynchus,86,MGSM,3
10/23/2020,Octubre,1,norte,05:00,B1,Aedes,Ae.angustivitattus,1,MGSM,3
10/23/2020,Octubre,1,norte,05:00,B2,Aedes,Ae.angustivitattus,3,MGSM,3
10/23/2020,Octubre,1,norte,05:00,B3,Aedes,Ae.angustivitattus,1,MGSM,3
10/23/2020,Octubre,1,norte,05:00,B1,Aedes,Ae.serratus,3,MGSM,3
10/23/2020,Octubre,1,norte,05:00,B2,Aedes,Ae.serratus,0,MGSM,3
10/23/2020,Octubre,1,norte,05:00,B3,Aedes,Ae.serratus,2,MGSM,3
10/23/2020,Octubre,1,norte,05:00,B1,Aedes,Ae.egypti,2,MGSM,3
10/23/2020,Octubre,1,norte,05:00,B2,Aedes,Ae.egypti,1,MGSM,3
10/23/2020,Octubre,1,norte,05:00,B3,Aedes,Ae.egypti,1,MGSM,3
10/23/2020,Octubre,1,norte,05:00,B1,Aedes,Ae.scapularis,1,MGSM,3
10/23/2020,Octubre,1,norte,05:00,B2,Aedes,Ae.scapularis,1,MGSM,3
10/23/2020,Octubre,1,norte,05:00,B3,Aedes,Ae.scapularis,1,MGSM,3
10/23/2020,Octubre,1,norte,05:00,B1,Aedes,Ae.fulvus,0,MGSM,3
10/23/2020,Octubre,1,norte,05:00,B2,Aedes,Ae.fulvus,0,MGSM,3
10/23/2020,Octubre,1,norte,05:00,B3,Aedes,Ae.fulvus,0,MGSM,3
10/23/2020,Octubre,1,norte,09:00,B1,Aedes,Ae.taeniorhynchus,140,BLDSM,1
10/23/2020,Octubre,1,norte,09:00,B2,Aedes,Ae.taeniorhynchus,153,BLDSM,1
10/23/2020,Octubre,1,norte,09:00,B3,Aedes,Ae.taeniorhynchus,255,BLDSM,1
10/23/2020,Octubre,1,norte,09:00,B1,Aedes,Ae.angustivitattus,14,BLDSM,1
10/23/2020,Octubre,1,norte,09:00,B2,Aedes,Ae.angustivitattus,10,BLDSM,1
10/23/2020,Octubre,1,norte,09:00,B3,Aedes,Ae.angustivitattus,9,BLDSM,1
10/23/2020,Octubre,1,norte,09:00,B1,Aedes,Ae.serratus,0,BLDSM,1
10/23/2020,Octubre,1,norte,09:00,B2,Aedes,Ae.serratus,2,BLDSM,1
10/23/2020,Octubre,1,norte,09:00,B3,Aedes,Ae.serratus,1,BLDSM,1
10/23/2020,Octubre,1,norte,09:00,B1,Aedes,Ae.egypti,3,BLDSM,1
10/23/2020,Octubre,1,norte,09:00,B2,Aedes,Ae.egypti,1,BLDSM,1
10/23/2020,Octubre,1,norte,09:00,B3,Aedes,Ae.egypti,1,BLDSM,1
10/23/2020,Octubre,1,norte,09:00,B1,Aedes,Ae.scapularis,0,BLDSM,1
10/23/2020,Octubre,1,norte,09:00,B2,Aedes,Ae.scapularis,1,BLDSM,1
10/23/2020,Octubre,1,norte,09:00,B3,Aedes,Ae.scapularis,0,BLDSM,1
10/23/2020,Octubre,1,norte,09:00,B1,Aedes,Ae.fulvus,0,BLDSM,1
10/23/2020,Octubre,1,norte,09:00,B2,Aedes,Ae.fulvus,0,BLDSM,1
10/23/2020,Octubre,1,norte,09:00,B3,Aedes,Ae.fulvus,0,BLDSM,1
11/19/2020,Noviembre,1,norte,13:00,B1,Aedes,Ae.taeniorhynchus,312,SMMG,2
11/19/2020,Noviembre,1,norte,13:00,B2,Aedes,Ae.taeniorhynchus,247,SMMG,2
11/19/2020,Noviembre,1,norte,13:00,B3,Aedes,Ae.taeniorhynchus,162,SMMG,2
11/19/2020,Noviembre,1,norte,13:00,B1,Aedes,Ae.angustivitattus,1,SMMG,2
11/19/2020,Noviembre,1,norte,13:00,B2,Aedes,Ae.angustivitattus,5,SMMG,2
11/19/2020,Noviembre,1,norte,13:00,B3,Aedes,Ae.angustivitattus,3,SMMG,2
11/19/2020,Noviembre,1,norte,13:00,B1,Aedes,Ae.serratus,1,SMMG,2
11/19/2020,Noviembre,1,norte,13:00,B2,Aedes,Ae.serratus,3,SMMG,2
11/19/2020,Noviembre,1,norte,13:00,B3,Aedes,Ae.serratus,5,SMMG,2
11/19/2020,Noviembre,1,norte,13:00,B1,Aedes,Ae.egypti,1,SMMG,2
11/19/2020,Noviembre,1,norte,13:00,B2,Aedes,Ae.egypti,1,SMMG,2
11/19/2020,Noviembre,1,norte,13:00,B3,Aedes,Ae.egypti,1,SMMG,2
11/19/2020,Noviembre,1,norte,13:00,B1,Aedes,Ae.scapularis,0,SMMG,2
11/19/2020,Noviembre,1,norte,13:00,B2,Aedes,Ae.scapularis,0,SMMG,2
11/19/2020,Noviembre,1,norte,13:00,B3,Aedes,Ae.scapularis,0,SMMG,2
11/19/2020,Noviembre,1,norte,13:00,B1,Aedes,Ae.fulvus,0,SMMG,2
11/19/2020,Noviembre,1,norte,13:00,B2,Aedes,Ae.fulvus,0,SMMG,2
11/19/2020,Noviembre,1,norte,13:00,B3,Aedes,Ae.fulvus,0,SMMG,2
11/19/2020,Noviembre,1,norte,17:00,B1,Aedes,Ae.taeniorhynchus,224,MGSM,3
11/19/2020,Noviembre,1,norte,17:00,B2,Aedes,Ae.taeniorhynchus,164,MGSM,3
11/19/2020,Noviembre,1,norte,17:00,B3,Aedes,Ae.taeniorhynchus,203,MGSM,3
11/19/2020,Noviembre,1,norte,17:00,B1,Aedes,Ae.angustivitattus,2,MGSM,3
11/19/2020,Noviembre,1,norte,17:00,B2,Aedes,Ae.angustivitattus,1,MGSM,3
11/19/2020,Noviembre,1,norte,17:00,B3,Aedes,Ae.angustivitattus,1,MGSM,3
11/19/2020,Noviembre,1,norte,17:00,B1,Aedes,Ae.serratus,1,MGSM,3
11/19/2020,Noviembre,1,norte,17:00,B2,Aedes,Ae.serratus,1,MGSM,3
11/19/2020,Noviembre,1,norte,17:00,B3,Aedes,Ae.serratus,2,MGSM,3
11/19/2020,Noviembre,1,norte,17:00,B1,Aedes,Ae.egypti,1,MGSM,3
11/19/2020,Noviembre,1,norte,17:00,B2,Aedes,Ae.egypti,1,MGSM,3
11/19/2020,Noviembre,1,norte,17:00,B3,Aedes,Ae.egypti,1,MGSM,3
11/19/2020,Noviembre,1,norte,17:00,B1,Aedes,Ae.scapularis,0,MGSM,3
11/19/2020,Noviembre,1,norte,17:00,B2,Aedes,Ae.scapularis,0,MGSM,3
11/19/2020,Noviembre,1,norte,17:00,B3,Aedes,Ae.scapularis,1,MGSM,3
11/19/2020,Noviembre,1,norte,17:00,B1,Aedes,Ae.fulvus,0,MGSM,3
11/19/2020,Noviembre,1,norte,17:00,B2,Aedes,Ae.fulvus,0,MGSM,3
11/19/2020,Noviembre,1,norte,17:00,B3,Aedes,Ae.fulvus,0,MGSM,3
11/19/2020,Noviembre,1,norte,21:00,B1,Aedes,Ae.taeniorhynchus,154,SMMG,2
11/19/2020,Noviembre,1,norte,21:00,B2,Aedes,Ae.taeniorhynchus,121,SMMG,2
11/19/2020,Noviembre,1,norte,21:00,B3,Aedes,Ae.taeniorhynchus,126,SMMG,2
11/19/2020,Noviembre,1,norte,21:00,B1,Aedes,Ae.angustivitattus,2,SMMG,2
11/19/2020,Noviembre,1,norte,21:00,B2,Aedes,Ae.angustivitattus,4,SMMG,2
11/19/2020,Noviembre,1,norte,21:00,B3,Aedes,Ae.angustivitattus,5,SMMG,2
11/19/2020,Noviembre,1,norte,21:00,B1,Aedes,Ae.serratus,2,SMMG,2
11/19/2020,Noviembre,1,norte,21:00,B2,Aedes,Ae.serratus,0,SMMG,2
11/19/2020,Noviembre,1,norte,21:00,B3,Aedes,Ae.serratus,0,SMMG,2
11/19/2020,Noviembre,1,norte,21:00,B1,Aedes,Ae.egypti,0,SMMG,2
11/19/2020,Noviembre,1,norte,21:00,B2,Aedes,Ae.egypti,0,SMMG,2
11/19/2020,Noviembre,1,norte,21:00,B3,Aedes,Ae.egypti,0,SMMG,2
11/19/2020,Noviembre,1,norte,21:00,B1,Aedes,Ae.scapularis,0,SMMG,2
11/19/2020,Noviembre,1,norte,21:00,B2,Aedes,Ae.scapularis,0,SMMG,2
11/19/2020,Noviembre,1,norte,21:00,B3,Aedes,Ae.scapularis,0,SMMG,2
11/19/2020,Noviembre,1,norte,21:00,B1,Aedes,Ae.fulvus,0,SMMG,2
11/19/2020,Noviembre,1,norte,21:00,B2,Aedes,Ae.fulvus,0,SMMG,2
11/19/2020,Noviembre,1,norte,21:00,B3,Aedes,Ae.fulvus,0,SMMG,2
11/20/2020,Noviembre,1,norte,01:00,B1,Aedes,Ae.taeniorhynchus,260,BLDSM,1
11/20/2020,Noviembre,1,norte,01:00,B2,Aedes,Ae.taeniorhynchus,139,BLDSM,1
11/20/2020,Noviembre,1,norte,01:00,B3,Aedes,Ae.taeniorhynchus,178,BLDSM,1
11/20/2020,Noviembre,1,norte,01:00,B1,Aedes,Ae.angustivitattus,2,BLDSM,1
11/20/2020,Noviembre,1,norte,01:00,B2,Aedes,Ae.angustivitattus,2,BLDSM,1
11/20/2020,Noviembre,1,norte,01:00,B3,Aedes,Ae.angustivitattus,2,BLDSM,1
11/20/2020,Noviembre,1,norte,01:00,B1,Aedes,Ae.serratus,1,BLDSM,1
11/20/2020,Noviembre,1,norte,01:00,B2,Aedes,Ae.serratus,1,BLDSM,1
11/20/2020,Noviembre,1,norte,01:00,B3,Aedes,Ae.serratus,3,BLDSM,1
11/20/2020,Noviembre,1,norte,01:00,B1,Aedes,Ae.egypti,6,BLDSM,1
11/20/2020,Noviembre,1,norte,01:00,B2,Aedes,Ae.egypti,2,BLDSM,1
11/20/2020,Noviembre,1,norte,01:00,B3,Aedes,Ae.egypti,3,BLDSM,1
11/20/2020,Noviembre,1,norte,01:00,B1,Aedes,Ae.scapularis,0,BLDSM,1
11/20/2020,Noviembre,1,norte,01:00,B2,Aedes,Ae.scapularis,0,BLDSM,1
11/20/2020,Noviembre,1,norte,01:00,B3,Aedes,Ae.scapularis,0,BLDSM,1
11/20/2020,Noviembre,1,norte,01:00,B1,Aedes,Ae.fulvus,0,BLDSM,1
11/20/2020,Noviembre,1,norte,01:00,B2,Aedes,Ae.fulvus,0,BLDSM,1
11/20/2020,Noviembre,1,norte,01:00,B3,Aedes,Ae.fulvus,0,BLDSM,1
11/20/2020,Noviembre,1,norte,05:00,B1,Aedes,Ae.taeniorhynchus,260,MGSM,3
11/20/2020,Noviembre,1,norte,05:00,B2,Aedes,Ae.taeniorhynchus,139,MGSM,3
11/20/2020,Noviembre,1,norte,05:00,B3,Aedes,Ae.taeniorhynchus,178,MGSM,3
11/20/2020,Noviembre,1,norte,05:00,B1,Aedes,Ae.angustivitattus,2,MGSM,3
11/20/2020,Noviembre,1,norte,05:00,B2,Aedes,Ae.angustivitattus,2,MGSM,3
11/20/2020,Noviembre,1,norte,05:00,B3,Aedes,Ae.angustivitattus,2,MGSM,3
11/20/2020,Noviembre,1,norte,05:00,B1,Aedes,Ae.serratus,1,MGSM,3
11/20/2020,Noviembre,1,norte,05:00,B2,Aedes,Ae.serratus,1,MGSM,3
11/20/2020,Noviembre,1,norte,05:00,B3,Aedes,Ae.serratus,3,MGSM,3
11/20/2020,Noviembre,1,norte,05:00,B1,Aedes,Ae.egypti,6,MGSM,3
11/20/2020,Noviembre,1,norte,05:00,B2,Aedes,Ae.egypti,2,MGSM,3
11/20/2020,Noviembre,1,norte,05:00,B3,Aedes,Ae.egypti,3,MGSM,3
11/20/2020,Noviembre,1,norte,05:00,B1,Aedes,Ae.scapularis,0,MGSM,3
11/20/2020,Noviembre,1,norte,05:00,B2,Aedes,Ae.scapularis,0,MGSM,3
11/20/2020,Noviembre,1,norte,05:00,B3,Aedes,Ae.scapularis,0,MGSM,3
11/20/2020,Noviembre,1,norte,05:00,B1,Aedes,Ae.fulvus,0,MGSM,3
11/20/2020,Noviembre,1,norte,05:00,B2,Aedes,Ae.fulvus,0,MGSM,3
11/20/2020,Noviembre,1,norte,05:00,B3,Aedes,Ae.fulvus,0,MGSM,3
11/20/2020,Noviembre,1,norte,09:00,B1,Aedes,Ae.taeniorhynchus,242,BLDSM,1
11/20/2020,Noviembre,1,norte,09:00,B2,Aedes,Ae.taeniorhynchus,310,BLDSM,1
11/20/2020,Noviembre,1,norte,09:00,B3,Aedes,Ae.taeniorhynchus,264,BLDSM,1
11/20/2020,Noviembre,1,norte,09:00,B1,Aedes,Ae.angustivitattus,5,BLDSM,1
11/20/2020,Noviembre,1,norte,09:00,B2,Aedes,Ae.angustivitattus,5,BLDSM,1
11/20/2020,Noviembre,1,norte,09:00,B3,Aedes,Ae.angustivitattus,3,BLDSM,1
11/20/2020,Noviembre,1,norte,09:00,B1,Aedes,Ae.serratus,1,BLDSM,1
11/20/2020,Noviembre,1,norte,09:00,B2,Aedes,Ae.serratus,0,BLDSM,1
11/20/2020,Noviembre,1,norte,09:00,B3,Aedes,Ae.serratus,1,BLDSM,1
11/20/2020,Noviembre,1,norte,09:00,B1,Aedes,Ae.egypti,0,BLDSM,1
11/20/2020,Noviembre,1,norte,09:00,B2,Aedes,Ae.egypti,1,BLDSM,1
11/20/2020,Noviembre,1,norte,09:00,B3,Aedes,Ae.egypti,0,BLDSM,1
11/20/2020,Noviembre,1,norte,09:00,B1,Aedes,Ae.scapularis,0,BLDSM,1
11/20/2020,Noviembre,1,norte,09:00,B2,Aedes,Ae.scapularis,0,BLDSM,1
11/20/2020,Noviembre,1,norte,09:00,B3,Aedes,Ae.scapularis,0,BLDSM,1
11/20/2020,Noviembre,1,norte,09:00,B1,Aedes,Ae.fulvus,0,BLDSM,1
11/20/2020,Noviembre,1,norte,09:00,B2,Aedes,Ae.fulvus,0,BLDSM,1
11/20/2020,Noviembre,1,norte,09:00,B3,Aedes,Ae.fulvus,0,BLDSM,1
12/11/2020,Diciembre,1,norte,13:00,B1,Aedes,Ae.taeniorhynchus,54,SMMG,2
12/11/2020,Diciembre,1,norte,13:00,B2,Aedes,Ae.taeniorhynchus,75,SMMG,2
12/11/2020,Diciembre,1,norte,13:00,B3,Aedes,Ae.taeniorhynchus,74,SMMG,2
12/11/2020,Diciembre,1,norte,13:00,B1,Aedes,Ae.angustivitattus,3,SMMG,2
12/11/2020,Diciembre,1,norte,13:00,B2,Aedes,Ae.angustivitattus,3,SMMG,2
12/11/2020,Diciembre,1,norte,13:00,B3,Aedes,Ae.angustivitattus,1,SMMG,2
12/11/2020,Diciembre,1,norte,13:00,B1,Aedes,Ae.serratus,1,SMMG,2
12/11/2020,Diciembre,1,norte,13:00,B2,Aedes,Ae.serratus,1,SMMG,2
12/11/2020,Diciembre,1,norte,13:00,B3,Aedes,Ae.serratus,0,SMMG,2
12/11/2020,Diciembre,1,norte,13:00,B1,Aedes,Ae.egypti,1,SMMG,2
12/11/2020,Diciembre,1,norte,13:00,B2,Aedes,Ae.egypti,1,SMMG,2
12/11/2020,Diciembre,1,norte,13:00,B3,Aedes,Ae.egypti,2,SMMG,2
12/11/2020,Diciembre,1,norte,13:00,B1,Aedes,Ae.scapularis,1,SMMG,2
12/11/2020,Diciembre,1,norte,13:00,B2,Aedes,Ae.scapularis,0,SMMG,2
12/11/2020,Diciembre,1,norte,13:00,B3,Aedes,Ae.scapularis,0,SMMG,2
12/11/2020,Diciembre,1,norte,13:00,B1,Aedes,Ae.fulvus,0,SMMG,2
12/11/2020,Diciembre,1,norte,13:00,B2,Aedes,Ae.fulvus,0,SMMG,2
12/11/2020,Diciembre,1,norte,13:00,B3,Aedes,Ae.fulvus,0,SMMG,2
12/11/2020,Diciembre,1,norte,17:00,B1,Aedes,Ae.taeniorhynchus,94,MGSM,3
12/11/2020,Diciembre,1,norte,17:00,B2,Aedes,Ae.taeniorhynchus,132,MGSM,3
12/11/2020,Diciembre,1,norte,17:00,B3,Aedes,Ae.taeniorhynchus,212,MGSM,3
12/11/2020,Diciembre,1,norte,17:00,B1,Aedes,Ae.angustivitattus,4,MGSM,3
12/11/2020,Diciembre,1,norte,17:00,B2,Aedes,Ae.angustivitattus,8,MGSM,3
12/11/2020,Diciembre,1,norte,17:00,B3,Aedes,Ae.angustivitattus,4,MGSM,3
12/11/2020,Diciembre,1,norte,17:00,B1,Aedes,Ae.serratus,0,MGSM,3
12/11/2020,Diciembre,1,norte,17:00,B2,Aedes,Ae.serratus,0,MGSM,3
12/11/2020,Diciembre,1,norte,17:00,B3,Aedes,Ae.serratus,0,MGSM,3
12/11/2020,Diciembre,1,norte,17:00,B1,Aedes,Ae.egypti,1,MGSM,3
12/11/2020,Diciembre,1,norte,17:00,B2,Aedes,Ae.egypti,0,MGSM,3
12/11/2020,Diciembre,1,norte,17:00,B3,Aedes,Ae.egypti,0,MGSM,3
12/11/2020,Diciembre,1,norte,17:00,B1,Aedes,Ae.scapularis,0,MGSM,3
12/11/2020,Diciembre,1,norte,17:00,B2,Aedes,Ae.scapularis,0,MGSM,3
12/11/2020,Diciembre,1,norte,17:00,B3,Aedes,Ae.scapularis,0,MGSM,3
12/11/2020,Diciembre,1,norte,17:00,B1,Aedes,Ae.fulvus,0,MGSM,3
12/11/2020,Diciembre,1,norte,17:00,B2,Aedes,Ae.fulvus,0,MGSM,3
12/11/2020,Diciembre,1,norte,17:00,B3,Aedes,Ae.fulvus,0,MGSM,3
12/11/2020,Diciembre,1,norte,21:00,B1,Aedes,Ae.taeniorhynchus,59,SMMG,2
12/11/2020,Diciembre,1,norte,21:00,B2,Aedes,Ae.taeniorhynchus,76,SMMG,2
12/11/2020,Diciembre,1,norte,21:00,B3,Aedes,Ae.taeniorhynchus,72,SMMG,2
12/11/2020,Diciembre,1,norte,21:00,B1,Aedes,Ae.angustivitattus,1,SMMG,2
12/11/2020,Diciembre,1,norte,21:00,B2,Aedes,Ae.angustivitattus,2,SMMG,2
12/11/2020,Diciembre,1,norte,21:00,B3,Aedes,Ae.angustivitattus,2,SMMG,2
12/11/2020,Diciembre,1,norte,21:00,B1,Aedes,Ae.serratus,0,SMMG,2
12/11/2020,Diciembre,1,norte,21:00,B2,Aedes,Ae.serratus,0,SMMG,2
12/11/2020,Diciembre,1,norte,21:00,B3,Aedes,Ae.serratus,0,SMMG,2
12/11/2020,Diciembre,1,norte,21:00,B1,Aedes,Ae.egypti,2,SMMG,2
12/11/2020,Diciembre,1,norte,21:00,B2,Aedes,Ae.egypti,0,SMMG,2
12/11/2020,Diciembre,1,norte,21:00,B3,Aedes,Ae.egypti,1,SMMG,2
12/11/2020,Diciembre,1,norte,21:00,B1,Aedes,Ae.scapularis,0,SMMG,2
12/11/2020,Diciembre,1,norte,21:00,B2,Aedes,Ae.scapularis,0,SMMG,2
12/11/2020,Diciembre,1,norte,21:00,B3,Aedes,Ae.scapularis,0,SMMG,2
12/11/2020,Diciembre,1,norte,21:00,B1,Aedes,Ae.fulvus,0,SMMG,2
12/11/2020,Diciembre,1,norte,21:00,B2,Aedes,Ae.fulvus,0,SMMG,2
12/11/2020,Diciembre,1,norte,21:00,B3,Aedes,Ae.fulvus,0,SMMG,2
12/12/2020,Diciembre,1,norte,01:00,B1,Aedes,Ae.taeniorhynchus,43,BLDSM,1
12/12/2020,Diciembre,1,norte,01:00,B2,Aedes,Ae.taeniorhynchus,75,BLDSM,1
12/12/2020,Diciembre,1,norte,01:00,B3,Aedes,Ae.taeniorhynchus,58,BLDSM,1
12/12/2020,Diciembre,1,norte,01:00,B1,Aedes,Ae.angustivitattus,0,BLDSM,1
12/12/2020,Diciembre,1,norte,01:00,B2,Aedes,Ae.angustivitattus,2,BLDSM,1
12/12/2020,Diciembre,1,norte,01:00,B3,Aedes,Ae.angustivitattus,1,BLDSM,1
12/12/2020,Diciembre,1,norte,01:00,B1,Aedes,Ae.serratus,0,BLDSM,1
12/12/2020,Diciembre,1,norte,01:00,B2,Aedes,Ae.serratus,0,BLDSM,1
12/12/2020,Diciembre,1,norte,01:00,B3,Aedes,Ae.serratus,0,BLDSM,1
12/12/2020,Diciembre,1,norte,01:00,B1,Aedes,Ae.egypti,0,BLDSM,1
12/12/2020,Diciembre,1,norte,01:00,B2,Aedes,Ae.egypti,0,BLDSM,1
12/12/2020,Diciembre,1,norte,01:00,B3,Aedes,Ae.egypti,0,BLDSM,1
12/12/2020,Diciembre,1,norte,01:00,B1,Aedes,Ae.scapularis,0,BLDSM,1
12/12/2020,Diciembre,1,norte,01:00,B2,Aedes,Ae.scapularis,0,BLDSM,1
12/12/2020,Diciembre,1,norte,01:00,B3,Aedes,Ae.scapularis,0,BLDSM,1
12/12/2020,Diciembre,1,norte,01:00,B1,Aedes,Ae.fulvus,0,BLDSM,1
12/12/2020,Diciembre,1,norte,01:00,B2,Aedes,Ae.fulvus,0,BLDSM,1
12/12/2020,Diciembre,1,norte,01:00,B3,Aedes,Ae.fulvus,0,BLDSM,1
12/12/2020,Diciembre,1,norte,05:00,B1,Aedes,Ae.taeniorhynchus,60,MGSM,3
12/12/2020,Diciembre,1,norte,05:00,B2,Aedes,Ae.taeniorhynchus,86,MGSM,3
12/12/2020,Diciembre,1,norte,05:00,B3,Aedes,Ae.taeniorhynchus,125,MGSM,3
12/12/2020,Diciembre,1,norte,05:00,B1,Aedes,Ae.angustivitattus,2,MGSM,3
12/12/2020,Diciembre,1,norte,05:00,B2,Aedes,Ae.angustivitattus,2,MGSM,3
12/12/2020,Diciembre,1,norte,05:00,B3,Aedes,Ae.angustivitattus,3,MGSM,3
12/12/2020,Diciembre,1,norte,05:00,B1,Aedes,Ae.serratus,0,MGSM,3
12/12/2020,Diciembre,1,norte,05:00,B2,Aedes,Ae.serratus,0,MGSM,3
12/12/2020,Diciembre,1,norte,05:00,B3,Aedes,Ae.serratus,0,MGSM,3
12/12/2020,Diciembre,1,norte,05:00,B1,Aedes,Ae.egypti,0,MGSM,3
12/12/2020,Diciembre,1,norte,05:00,B2,Aedes,Ae.egypti,0,MGSM,3
12/12/2020,Diciembre,1,norte,05:00,B3,Aedes,Ae.egypti,0,MGSM,3
12/12/2020,Diciembre,1,norte,05:00,B1,Aedes,Ae.scapularis,0,MGSM,3
12/12/2020,Diciembre,1,norte,05:00,B2,Aedes,Ae.scapularis,0,MGSM,3
12/12/2020,Diciembre,1,norte,05:00,B3,Aedes,Ae.scapularis,0,MGSM,3
12/12/2020,Diciembre,1,norte,05:00,B1,Aedes,Ae.fulvus,0,MGSM,3
12/12/2020,Diciembre,1,norte,05:00,B2,Aedes,Ae.fulvus,0,MGSM,3
12/12/2020,Diciembre,1,norte,05:00,B3,Aedes,Ae.fulvus,0,MGSM,3
12/12/2020,Diciembre,1,norte,09:00,B1,Aedes,Ae.taeniorhynchus,99,BLDSM,1
12/12/2020,Diciembre,1,norte,09:00,B2,Aedes,Ae.taeniorhynchus,120,BLDSM,1
12/12/2020,Diciembre,1,norte,09:00,B3,Aedes,Ae.taeniorhynchus,102,BLDSM,1
12/12/2020,Diciembre,1,norte,09:00,B1,Aedes,Ae.angustivitattus,2,BLDSM,1
12/12/2020,Diciembre,1,norte,09:00,B2,Aedes,Ae.angustivitattus,1,BLDSM,1
12/12/2020,Diciembre,1,norte,09:00,B3,Aedes,Ae.angustivitattus,2,BLDSM,1
12/12/2020,Diciembre,1,norte,09:00,B1,Aedes,Ae.serratus,0,BLDSM,1
12/12/2020,Diciembre,1,norte,09:00,B2,Aedes,Ae.serratus,0,BLDSM,1
12/12/2020,Diciembre,1,norte,09:00,B3,Aedes,Ae.serratus,0,BLDSM,1
12/12/2020,Diciembre,1,norte,09:00,B1,Aedes,Ae.egypti,0,BLDSM,1
12/12/2020,Diciembre,1,norte,09:00,B2,Aedes,Ae.egypti,0,BLDSM,1
12/12/2020,Diciembre,1,norte,09:00,B3,Aedes,Ae.egypti,0,BLDSM,1
12/12/2020,Diciembre,1,norte,09:00,B1,Aedes,Ae.scapularis,0,BLDSM,1
12/12/2020,Diciembre,1,norte,09:00,B2,Aedes,Ae.scapularis,0,BLDSM,1
12/12/2020,Diciembre,1,norte,09:00,B3,Aedes,Ae.scapularis,0,BLDSM,1
12/12/2020,Diciembre,1,norte,09:00,B1,Aedes,Ae.fulvus,0,BLDSM,1
12/12/2020,Diciembre,1,norte,09:00,B2,Aedes,Ae.fulvus,0,BLDSM,1
12/12/2020,Diciembre,1,norte,09:00,B3,Aedes,Ae.fulvus,0,BLDSM,1
